timestamp,ip
2023-05-01T10:00:00,192.168.0.1
2023-05-01T10:00:01,192.168.0.2
2023-05-01T10:00:02,192.168.0.3
2023-05-01T10:00:02,192.168.0.4
2023-05-01T10:00:03,192.168.0.2
2023-05-01T10:00:03,192.168.0.5
2023-05-01T10:00:04,192.168.0.1
2023-05-01T10:00:05,192.168.0.6
2023-05-01T10:00:05,192.168.0.7
2023-05-01T10:00:01,192.168.0.8
2023-05-01T10:00:02,192.168.0.9
2023-05-01T10:00:03,192.168.0.10
2023-05-01T10:00:04,192.168.0.11
2023-05-01T10:00:05,192.168.0.12
2023-05-01T10:00:01,192.168.0.13
2023-05-01T10:00:01,192.168.0.14
2023-05-01T10:00:02,192.168.0.15
2023-05-01T10:00:02,192.168.0.16
2023-05-01T10:00:04,192.168.0.17
2023-05-01T10:00:03,192.168.0.18
2023-05-01T10:00:02,192.168.0.19
2023-05-01T10:00:02,192.168.0.20
2023-05-01T10:00:04,192.168.0.21
2023-05-01T10:00:04,192.168.0.22
2023-05-01T10:00:03,192.168.0.23
2023-05-01T10:00:05,192.168.0.24
